scientificName,flower_len_cm,corolla_base_cm,corolla_apex_cm,degree_curvature,stamen_ex_cm,anther_width_cm,anther_len_cm,leaf_area_cm2 ,leaf_len_cm ,leaf_width_cm 
C_urubambae,3.437,0.543,1.06,132.396,2.693,0.361,0.904,20.547,8.601,3.201
C_urubambae,2.989,0.551,1.157,142.775,1.601,0.321,0.768,22.166,9.431,3.615
C_urubambae,3.309,0.52,1.198,132.606,2.32,0.325,0.696,49.986,13.82,5.278
C_urubambae,2.943,0.512,1.125,139.543,2.106,0.378,0.691,N/A,N/A,N/A
C_urubambae,2.868,0.487,1.262,142.891,2.302,0.308,0.811,38.029,10.347,5.557
C_urubambae,2.538,0.418,1.024,152.458,2.423,0.247,0.784,33.196,10.02,4.743
C_urubambae,2.368,0.349,0.993,130.273,1.903,0.31,0.741,66.6,15.197,6.176
C_urubambae,2.604,0.465,1.03,128.219,2.067,0.29,0.715,57.144,14.111,6.051
C_urubambae,N/A,N/A,N/A,N/A,N/A,N/A,N/A,35.785,9.846,5.267
C_urubambae,N/A,N/A,N/A,N/A,N/A,N/A,N/A,35.117,10.189,5.082
C_urubambae,2.474,0.503,0.971,147.416,1.326,0.227,0.663,50.51,11.801,6.196
C_urubambae,2.513,0.528,0.733,141.401,1.325,0.26,0.645,37.076,10.299,5.197
C_urubambae,3.044,0.515,1.138,136.051,2.018,0.317,0.925,22.531,8.219,4.173
C_urubambae,N/A,N/A,N/A,N/A,N/A,N/A,N/A,79.07,18.434,7.047
C_urubambae,3.481,0.492,1.204,132.561,2.166,0.353,0.774,N/A,N/A,N/A
C_urubambae,3.14,0.574,1.403,140.045,2.192,0.289,0.765,11.157,6.407,2.561
C_urubambae,3.468,0.715,1.183,126.566,2.272,0.325,0.75,39.165,12.001,4.829
C_vargasii,2.701,0.563,1.041,151.826,1.596,0.27`,0.674,27.901,10.069,4.029
C_vernicosus,N/A,N/A,N/A,N/A,N/A,N/A,N/A,80.934,14.792,7.269
C_undulatus,2.519,0.379,1.157,137.862,1.014,0.476,0.583,59.506,15.493,6.192
C_undulatus,2.538,0.311,1.028,137.001,1.15,0.341,0.627,N/A,N/A,N/A
C_trianae,5.332,0.585,1.282,154.841,2.01,0.366,0.984,19.376,7.5,3.715
C_trianae,N/A,N/A,N/A,N/A,N/A,N/A,N/A,33.51,13.334,3.592
C_trianae,4.55,0.57,1.356,156.436,1.526,0.286,0.822,16.689,7.241,3.507
C_quebradanus,N/A,N/A,N/A,N/A,N/A,N/A,N/A,67.096,18.847,5.846
C_quebradanus,N/A,N/A,N/A,N/A,N/A,N/A,N/A,57.182,16.988,5.724
C_quebradanus,N/A,N/A,N/A,N/A,N/A,N/A,N/A,127.076,18.634,9.963
C_roseus,2.958,0.4,0.974,123.405,1.323,0.344,0.696,30.314,17.843,1.983
C_roseus,2.864,0.435,0.861,143.234,1.139,0.334,0.667,15.857,13.604,1.751
C_roseus,3.035,0.47,0.98,143.443,1.468,0.341,0.654,10.922,11.19,1.43
C_roseus,3.066,0.315,0.884,144.305,1.437,0.338,0.708,13.965,10.449,2.078
C_roseus,2.911,0.416,1.131,140.301,1.508,0.351,0.64,8.975,11.555,1.288
C_scabellus,5.097,0.565,1.187,172.392,1.583,0.299,0.979,29.521,10.921,4.398
C_sciaphilus,3.339,0.541,0.929,145.752,N/A,N/A,N/A,119.934,23.499,8.053
C_sciaphilus,2.397,0.42,1.318,138.302,1.182,0.311,0.682,N/A,N/A,N/A
C_sciaphilus,3.49,0.348,1.054,131.386,1.337,0.315,0.771,125.311,19.383,8.492
C_sciaphilus,3.054,0.347,0.797,135.187,1.117,0.335,0.684,83.197,19.644,7.035
C_sciaphilus,3.361,0.525,0.907,152.635,1.083,0.344,0.725,64.351,17.356,6.029
C_sciaphilus,3.47,0.554,1.203,128.628,1.425,0.344,0.726,148.579,23.408,8.802
C_semperflorens,N/A,N/A,N/A,N/A,N/A,N/A,N/A,102.971,20.801,7.953
C_semperflorens,N/A,N/A,N/A,N/A,N/A,N/A,N/A,88.137,19.496,6.853
C_semperflorens,3.837,0.595,1.08,153.807,1.413,0.307,0.804,63.764,12.856,6.969
C_semperflorens,4.181,0.749,1.217,154.195,1.59,0.241,0.812,46.853,12.047,5.347
C_silvaticus,3.183,0.333,0.937,152.063,1.624,0.347,0.727,7.309,10.417,0.991
C_silvaticus,3.116,0.296,0.853,129.34,1.379,0.264,0.656,7.082,10.594,0.962
C_silvaticus,3.074,0.466,0.912,132.822,1.214,0.324,0.696,20.556,15.974,1.722
C_silvaticus,2.994,0.364,0.965,140.086,0.85,0.295,0.552,14.305,12.397,1.713
C_silvaticus,2.771,0.401,0.921,149.814,1.296,0.252,0.603,18.27,14.216,2.014
C_silvaticus,N/A,N/A,N/A,N/A,N/A,N/A,N/A,18.398,15.076,1.872
C_silvaticus,2.598,0.419,0.694,139.279,1.04,0.324,0.751,11.422,12.855,1.253
C_silvaticus,3.231,0.317,0.834,132.58,1.348,0.242,0.679,10.238,11.795,1.318
C_trachyanthus,2.057,0.44,0.911,148.36,1.261,0.33,0.906,91.999,15.951,8.109
C_trachyanthus,3.168,0.453,1.033,154.889,1.982,0.457,0.773,177.311,24.354,10.961
C_trachyanthus,2.892,0.619,0.975,142.263,1.235,0.434,0.69,78.028,15.147,7.269
C_trachyanthus,3.05,0.429,1.02,165.795,1.813,0.377,0.741,N/A,N/A,N/A
C_trachyanthus,3.306,0.546,1.216,123.521,1.553,0.461,1.075,221.056,29.555,10.589
C_trachyanthus,2.812,0.635,0.986,130.664,1.205,0.304,0.732,87.205,19.238,7.105
C_yungasensis,2.677,0.369,1.175,140.124,1.814,0.266,0.612,34.585,10.573,4.745
C_yungasensis,2.521,0.525,0.851,137.344,1.325,0.243,0.592,49.11,14.04,5.046
C_yungasensis,3.164,0.61,1.142,141.734,1.337,0.383,0.71,17.142,5.776,3.946
C_yungasensis,3.119,0.464,1.03,143.295,0.886,0.236,0.511,23.17,10.16,3.536
C_yungasensis,2.887,0.584,1.061,133.559,1.509,0.293,0.782,29.12,10.027,4.302
C_yungasensis,2.373,0.481,0.845,119.104,1.609,0.308,0.73,23.468,8.305,4.099
C_yungasensis,2.583,0.373,0.974,145.757,1.489,0.25,0.646,35.957,12.157,4.338
C_yungasensis,3.119,0.621,1.027,140.823,1.357,0.209,0.58,24.863,10.461,3.901
C_yungasensis,3.093,0.392,0.901,135.263,1.645,0.261,0.594,19.757,8.512,3.32
C_yungasensis,2.973,0.575,0.996,144.097,1.734,0.359,0.692,27.363,9.62,4.124
C_yungasensis,N/A,N/A,N/A,N/A,N/A,N/A,N/A,21.746,9.653,3.654
C_yungasensis,N/A,N/A,N/A,N/A,N/A,N/A,N/A,28.421,10.416,4.086
C_yungasensis,N/A,N/A,N/A,N/A,N/A,N/A,N/A,16.378,6.678,3.578
C_yungasensis,3.035,0.559,1.074,137.102,0.955,0.245,0.638,N/A,N/A,N/A
C_lasiodorus,2.852,0.42,0.74,127.168,1.041,0.304,0.606,116.495,21.034,9.04
C_laxus,2.729,0.461,0.872,153.863,1.77,0.244,0.714,14.289,6.62,3.283
C_longipetiolatus,3.558,0.672,1.335,168.284,1.32,0.277,0.756,22.195,9.715,3.646
C_longipetiolatus,3.104,0.417,0.996,161.996,1.322,0.261,0.612,32.125,11.171,4.391
C_beslerioides,N/A,N/A,N/A,N/A,N/A,N/A,N/A,75.099,13.231,7.738
C_capitatus,2.346,0.326,1.051,127.044,0.98,0.251,0.658,110.556,19.517,8.921
C_carpishensis,2.122,0.226,0.726,150.682,0.876,0.277,0.589,38.092,14.223,4.652
C_umbrosus,2.592,0.645,0.861,125.839,1.298,0.294,0.687,49.501,14.557,5.371
C_umbrosus,3.015,0.652,0.926,139.175,1.363,0.248,0.65,70.438,14.546,7.9
C_umbrosus,2.485,0.415,0.738,123.837,1.296,0.202,0.563,57.448,16.721,5.691
C_umbrosus,2.841,0.375,0.727,126.324,1.16,0.255,0.624,152.445,27.327,8.229
C_umbrosus,N/A,N/A,N/A,N/A,N/A,N/A,N/A,86.36,20.424,6.89
C_umbrosus,2.395,0.392,0.825,123.309,1.408,0.192,0.559,224.021,34.413,11.72
C_umbrosus,2.409,0.393,0.75,147.486,0.73,0.225,0.435,N/A,N/A,N/A
C_umbrosus,2.419,0.234,0.647,149.602,0.827,0.231,0.518,N/A,N/A,N/A
C_umbrosus,2.804,0.402,1.029,130.955,0.848,0.244,0.572,78.333,20.762,6.156
C_umbrosus,2.675,0.476,0.641,159.792,1.048,0.245,0.537,64.301,15.124,7.157
C_umbrosus,2.738,0.345,0.731,130.413,1.224,0.211,0.607,127.382,23.531,9.537
C_reflexus,3.491,0.636,1.281,116.615,1.759,0.255,0.672,15.68,7.378,3.177
C_reflexus,3.327,0.478,0.938,124.083,2.052,0.22,0.629,N/A,N/A,N/A
C_reflexus,3.455,0.464,1.251,134.57,1.603,0.261,0.63,15.873,9.142,2.69
C_reflexus,3.269,0.4,1.035,147.685,2.13,0.27,0.622,22.485,11.291,3.181
C_reflexus,3.11,0.571,1.003,141.744,1.698,0.302,0.664,N/A,N/A,N/A
C_reflexus,2.975,0.593,1.274,133.755,1.753,0.265,0.674,N/A,N/A,N/A
C_reflexus,3.189,0.584,1.348,135.057,1.399,0.257,0.646,N/A,N/A,N/A
C_reflexus,3.04,0.53,1.224,127.991,1.692,0.318,0.736,54.503,12.497,6.055
C_reflexus,3.027,0.567,1.204,129.055,1.543,0.515,0.817,N/A,N/A,N/A
C_reflexus,3.438,0.496,1.202,131.785,2.209,0.281,0.807,67.897,13.859,7.146
C_pedicellaris,4.043,0.515,0.954,148.32,N/A,N/A,N/A,N/A,N/A,N/A
C_pulcher,2.995,0.462,1.287,142.863,2.136,0.333,0.922,N/A,N/A,N/A
C_pulcher,3.326,0.462,1.195,151.195,2.206,0.329,0.886,N/A,N/A,N/A
C_pulcher,3.534,0.501,1.075,126.027,1.579,0.271,0.589,34.575,11.385,4.492
C_pulcher,2.742,0.545,1.374,143.116,1.924,0.412,0.818,14.743,7.281,2.855
C_pulcher,2.853,0.419,1.267,158.776,1.844,0.283,0.691,N/A,N/A,N/A
C_pulcher,3.203,0.661,1.185,130.837,2.669,0.38,0.82,48.314,12.614,5.551
C_pulcher,3.141,0.555,1.219,140.259,2.988,0.364,0.899,38.962,12.125,4.649
C_pulcher,2.906,0.793,1.046,138.268,2.32,0.278,0.736,35.079,10.828,4.984
C_pulcher,3.09,0.607,1.318,134.552,2.217,0.331,0.743,30.679,9.554,4.558
C_pulcher,2.752,0.406,1.013,138.472,2.255,0.309,0.771,31.813,11.409,4.346
C_papillosus,N/A,N/A,N/A,N/A,N/A,N/A,N/A,236.812,34.372,10.673
C_papillosus,4.124,0.461,1.128,137.468,1.591,0.425,0.918,N/A,N/A,N/A
C_papillosus,2.97,0.394,1.115,139.965,0.977,0.286,0.792,75.422,19.022,6.758
C_papillosus,N/A,N/A,N/A,N/A,N/A,N/A,N/A,140.061,25.328,8.349
C_panamensis,2.678,0.661,1.206,133.912,1.499,0.448,0.892,242.481,31.336,11.632
C_panamensis,2.91,0.676,1.162,150.351,1.194,0.447,0.749,230.343,30.137,11.195
C_panamensis,3.312,-0.686,1.379,111.556,1.132,0.443,0.804,118.188,22.506,8.653
C_panamensis,3.28,0.521,1.029,117.27,1.48,0.3,0.883,177.365,25.817,9.955
C_panamensis,2.861,0.528,0.993,130.953,1.261,0.303,0.81,N/A,N/A,N/A
C_panamensis,3.503,0.585,0.934,148.913,1.295,0.336,0.76,241.585,32.695,11.398
C_panamensis,3.87,0.48,1.228,159.314,1.28,0.403,0.994,N/A,N/A,N/A
C_panamensis,N/A,N/A,N/A,N/A,N/A,N/A,N/A,106.51,18.426,8.69
C_panamensis,N/A,N/A,N/A,N/A,N/A,N/A,N/A,137.567,25.39,8.893
C_panamensis,2.944,0.509,1.142,163.803,0.869,0.274,0.766,243.6,27.024,13.111
C_panamensis,3.047,0.601,1.432,142.736,1.543,0.435,0.968,N/A,N/A,N/A
C_panamensis,2.996,0.513,1.34,146.999,1.429,0.455,0.896,N/A,N/A,N/A
C_panamensis,3.005,0.639,1.084,133.617,1.196,0.476,0.868,234.076,30.111,11.552
C_panamensis,3.41,0.677,1.309,127.066,1.675,0.456,1.142,194.735,25.575,10.951
C_panamensis,2.599,0.476,1.144,143.083,0.719,0.248,0.518,110.013,19.649,7.669
C_panamensis,N/A,N/A,N/A,N/A,N/A,N/A,N/A,190.885,27.574,9.483
C_panamensis,N/A,N/A,N/A,N/A,N/A,N/A,N/A,127.83,21.842,8.698
C_panamensis,N/A,N/A,N/A,N/A,N/A,N/A,N/A,120.949,21.537,8.66
C_panamensis,3.132,0.592,1.26,126.918,1.678,0.4,0.926,122.989,23.359,8.221
C_panamensis,2.992,0.561,1.1,133.755,1.28,0.407,0.969,83.738,19.022,6.366
C_granulosus,3.531,0.378,1.135,140.823,1.537,0.257,0.771,82.221,19.775,6.92
C_granulosus,N/A,N/A,N/A,N/A,N/A,N/A,N/A,101.382,20.801,7.38
C_granulosus,3.026,0.474,1.461,127.147,2.246,0.356,0.967,36.011,13.611,3.887
C_granulosus,4.43,0.518,1.374,140.286,1.849,0.327,0.892,128.138,24.859,8.274
C_granulosus,2.566,0.549,0.953,141.083,1.37,0.369,0.736,48.975,13.715,5.281
C_granulosus,2.601,0.541,0.837,147.21,N/A,N/A,N/A,42.925,13.311,4.993
C_granulosus,3.817,0.389,1.325,143.858,1.543,0.281,0.786,33.449,10.223,4.678
C_granulosus,3.773,0.331,1.411,148.111,1.455,0.256,0.806,28.124,9.054,4.643
C_granulosus,3.363,0.45,1.107,139.137,1.723,0.247,0.816,64.072,16.62,5.98
C_granulosus,3.143,0.446,1.224,133.008,1.73,0.268,0.756,N/A,N/A,N/A
C_granulosus,N/A,N/A,N/A,N/A,N/A,N/A,N/A,52.429,15.175,5.696
C_granulosus,N/A,N/A,N/A,N/A,N/A,N/A,N/A,66.512,15.738,6.4
C_granulosus,3.189,0.588,0.961,132.281,1.993,0.283,0.808,34.267,10.777,4.498
C_granulosus,3.145,0.607,1.088,148.421,2.177,0.346,0.848,39.336,10.804,4.139
C_granulosus,2.54,0.418,1.003,148.131,1.829,0.245,0.786,N/A,N/A,N/A
C_granulosus,2.627,0.558,0.974,125.957,1.682,0.335,0.836,99.409,17.727,8.327
C_granulosus,2.828,0.518,1.018,129.534,1.314,0.293,0.709,111.897,19.848,9.193
C_granulosus,N/A,N/A,N/A,N/A,N/A,N/A,N/A,79.957,15.663,7.651
C_granulosus,N/A,N/A,N/A,N/A,N/A,N/A,N/A,57.199,12.517,6.702
C_granulosus,3.612,0.504,1.026,136.66,1.61,0.272,0.84,N/A,N/A,N/A
C_granulosus,2.987,0.473,1.057,138.032,2.002,0.307,0.924,38.254,11.596,4.585
C_granulosus,2.986,0.383,1.005,136.181,1.958,0.312,0.76,60.827,14.288,6.144
C_granulosus,2.778,0.5,0.784,130.108,1.962,0.262,0.75,39.98,11.979,5.142
C_granulosus,3.081,0.47,1.077,152.705,1.806,0.323,0.927,66.13,16.162,5.911
C_granulosus,3.684,0.375,1.039,128.38,1.716,0.325,0.908,53.366,13.177,5.968
C_granulosus,3.855,0.448,1.14,131.679,1.622,0.411,0.986,140.428,25.085,8.175
C_granulosus,3.156,0.647,1.119,121.065,N/A,N/A,N/A,59.949,14.624,6.339
C_granulosus,2.731,0.276,0.87,155.725,2.105,0.269,0.74,38.264,11.416,5.069
C_granulosus,3.501,0.425,1.287,139.916,2.036,0.242,0.686,94.227,18.574,7.687
C_granulosus,3.114,0.47,0.96,127.301,1.831,0.328,0.912,73.882,15.436,6.93
C_granulosus,2.932,0.412,0.945,113.59,1.84,0.293,0.846,63.474,14.287,6.263
C_granulosus,3.271,0.367,1.089,139.041,N/A,N/A,N/A,57.104,13.123,6.33
C_granulosus,3.566,0.258,1.124,128.102,1.615,0.26,0.819,74.037,17.827,6.12
C_granulosus,3.158,0.572,1.224,124.852,2.429,0.403,1.098,18.98,9.674,3.343
C_granulosus,3.05,0.393,1.171,147.055,2.294,0.285,0.917,54.826,11.745,6.273
C_granulosus,N/A,N/A,N/A,N/A,N/A,N/A,N/A,33.463,12.534,3.803
C_granulosus,3.194,0.446,1.196,119.188,1.813,0.3,0.832,90.107,16.667,8.444
C_granulosus,3.36,0.399,0.861,141.03,1.897,0.364,1.017,31.8,10.991,3.895
C_granulosus,N/A,N/A,N/A,N/A,N/A,N/A,N/A,76.93,16.553,6.674
C_granulosus,N/A,N/A,N/A,N/A,N/A,N/A,N/A,48.283,12.779,5.492
C_granulosus,2.809,0.448,0.864,153.027,1.992,0.279,0.704,69.184,13.388,7.514
C_granulosus,3.249,0.559,1.338,130.158,2.072,0.284,1.011,72.514,15.7,6.467
C_granulosus,3.153,0.532,1.107,119.367,1.857,0.274,0.811,53.536,14.775,6.083
C_granulosus,2.985,0.445,1.048,134.865,2.25,0.257,0.737,50.14,14.561,5.758
C_granulosus,3.17,0.513,1.296,132.867,1.702,0.313,0.882,34.5,10.924,4.624
C_granulosus,3.076,0.563,1.21,131.031,1.77,0.351,0.721,N/A,N/A,N/A
C_granulosus,3.463,0.531,1.387,130.617,1.811,0.276,0.942,75.282,16.116,6.565
C_granulosus,3.16,0.464,1.298,137.355,1.916,0.397,0.885,48.327,12.951,5.267
C_granulosus,N/A,N/A,N/A,N/A,N/A,N/A,N/A,82.662,17.195,6.62
C_granulosus,2.221,0.421,0.742,124.367,1.05,0.29,0.81,78.334,14.109,7.736
C_granulosus,2.897,0.405,0.851,124.982,2.106,0.36,0.788,97.878,17.922,8.14
C_granulosus,3.492,0.462,1.06,150.501,2.166,0.434,0.889,86.151,16.759,7.729
C_granulosus,3.856,0.539,1.242,128.815,1.828,0.267,0.917,56.123,13.281,6.039
C_granulosus,3.182,0.353,0.91,133.28,1.188,0.305,0.771,66.412,16.693,6.241
C_granulosus,3.082,0.379,0.981,113.103,N/A,N/A,N/A,62.235,15.949,6.057
C_granulosus,3.351,0.42,0.935,131.622,1.7,0.317,0.795,74.18,14.72,7.892
C_granulosus,3.266,0.507,1.005,137.839,1.782,0.349,0.72,61.822,13.693,6.964
C_granulosus,3.33,0.537,0.922,120.815,1.738,0.314,0.764,91.986,18.103,7.615
C_granulosus,3.411,0.577,0.887,118.405,1.82,0.304,0.806,N/A,N/A,N/A
C_granulosus,2.951,0.353,1.147,123.588,1.302,0.244,0.78,46.925,11.805,5.628
C_granulosus,N/A,N/A,N/A,N/A,N/A,N/A,N/A,32.927,9.69,4.896
C_granulosus,N/A,N/A,N/A,N/A,N/A,N/A,N/A,42.594,12.11,5.075
C_granulosus,2.321,0.299,0.835,144.913,2.124,0.416,0.736,N/A,N/A,N/A
C_granulosus,N/A,N/A,N/A,N/A,N/A,N/A,N/A,26.182,10.488,3.914
C_granulosus,N/A,N/A,N/A,N/A,N/A,N/A,N/A,30.058,11.29,4.238
C_granulosus,N/A,N/A,N/A,N/A,N/A,N/A,N/A,22.481,8.437,4.141
C_granulosus,2.9,0.621,1.036,110.575,2.229,0.276,0.859,19.62,7.859,3.607
C_granulosus,3.745,0.633,1.042,94.729,N/A,N/A,N/A,36.217,10.108,5.16
C_granulosus,N/A,N/A,N/A,N/A,N/A,N/A,N/A,43.04,10.522,5.378
C_granulosus,3.276,0.411,0.872,136.155,2.054,0.319,0.786,70.442,14.882,6.649
C_granulosus,3.022,0.538,1.196,125.756,2.239,0.335,0.872,142.977,17.91,11.251
C_granulosus,2.283,0.471,1.033,152.555,1.852,0.228,0.67,125.231,18.644,9.12
C_granulosus,2.716,0.369,1.028,139.171,1.708,0.291,0.856,134.162,19.987,9.368
C_granulosus,2.609,0.421,0.783,135.031,1.973,0.263,0.778,145.743,19.971,9.954
C_granulosus,2.918,0.442,0.772,136.128,1.959,0.325,0.727,52.165,11.766,6.006
C_granulosus,2.753,0.392,1,132.161,1.558,0.299,0.715,54.896,12.674,6.589
C_granulosus,N/A,N/A,N/A,N/A,N/A,N/A,N/A,41.139,14.679,4.695
C_granulosus,N/A,N/A,N/A,N/A,N/A,N/A,N/A,37.754,14.187,3.875
C_granulosus,3.428,0.592,1.199,128.994,2.188,0.319,0.92,21.559,10.233,3.274
C_granulosus,3.565,0.546,1.35,134.633,1.957,0.322,0.83,18.643,9.51,2.959
C_granulosus,3.264,0.45,1.019,120.253,1.2,0.31,0.794,N/A,N/A,N/A
C_granulosus,2.339,0.415,0.878,132.881,1.731,0.274,0.837,25.512,10.049,3.618
C_granulosus,N/A,N/A,N/A,N/A,N/A,N/A,N/A,20.65,9.293,3.005
C_granulosus,2.95,0.526,0.964,129.344,2.08,0.311,0.748,32.181,11.152,4.218
C_granulosus,3.207,0.566,0.948,131.952,1.965,0.307,0.838,30.829,10.126,4.189
C_granulosus,3.081,0.317,1.137,116.362,N/A,N/A,N/A,40.783,12.689,4.591
C_granulosus,N/A,N/A,N/A,N/A,N/A,N/A,N/A,36.595,11.778,4.787
C_granulosus,3.735,0.519,1.066,120.292,1.846,0.311,0.886,30.574,9.352,4.885
C_granulosus,N/A,N/A,N/A,N/A,N/A,N/A,N/A,25.455,9.596,4.095
C_granulosus,3.573,0.545,0.94,133.739,2.28,0.413,1.09,58.729,13.632,6.198
C_granulosus,3.791,0.705,1.017,144.267,2.392,0.461,0.894,37.538,11.886,4.696
C_granulosus,3.2,0.579,1.359,111.503,1.786,0.441,0.873,43.156,12.542,4.863
C_granulosus,3.863,0.472,1.046,97.138,1.538,0.335,0.902,45.807,13.201,4.906
C_granulosus,3.578,0.534,1.012,110.089,1.595,0.354,0.914,89.783,17.219,7.634
C_granulosus,2.959,0.422,0.841,136.106,1.85,0.286,0.683,73.504,14.605,6.995
C_granulosus,3.46,0.585,1.119,116.305,1.745,0.288,0.824,52.083,14.219,5.658
C_granulosus,3.094,0.481,1.246,136.8,2.132,0.345,0.979,62.422,14.862,5.919
C_granulosus,3.414,0.637,1.568,136.542,1.934,0.384,0.966,33.791,10.733,4.841
C_granulosus,3.967,0.558,1.428,125.405,1.679,0.386,0.924,26.509,9.318,4.304
C_granulosus,3.026,0.379,1.093,141.423,1.454,0.275,0.635,127.767,21.573,8.817
C_granulosus,2.645,0.413,1.057,135.068,1.767,0.327,0.88,37.244,11.667,4.645
C_granulosus,2.935,0.408,1.08,116.858,1.912,0.382,0.827,43.685,12.087,5.296
C_granulosus,N/A,N/A,N/A,N/A,N/A,N/A,N/A,106.95,12.699,10.597
C_granulosus,N/A,N/A,N/A,N/A,N/A,N/A,N/A,95.532,12.798,9.788
C_granulosus,3.108,0.496,1.009,147.681,1.449,0.182,1.058,107.078,21.283,8.363
C_granulosus,3.146,0.505,1.17,124.8,1.566,0.347,0.895,N/A,N/A,N/A
C_granulosus,3.463,0.406,1.184,147.236,0.965,0.359,0.769,N/A,N/A,N/A
C_granulosus,N/A,N/A,N/A,N/A,N/A,N/A,N/A,48.183,12.194,5.581
C_granulosus,N/A,N/A,N/A,N/A,N/A,N/A,N/A,34.23,10.586,4.815
C_granulosus,3.192,0.485,1.244,136.302,1.166,0.275,0.809,24.904,10.06,3.845
C_granulosus,N/A,N/A,N/A,N/A,N/A,N/A,N/A,32.478,11.598,4.32
C_granulosus,3.084,0.416,1.054,148.595,N/A,N/A,N/A,65.724,15.194,6.668
C_granulosus,2.788,0.438,1.232,144.057,2.375,0.356,0.761,32.969,9.637,4.998
C_granulosus,3.227,0.485,1.144,125.979,1.463,0.321,0.922,68.418,13.505,7.697
C_granulosus,N/A,N/A,N/A,N/A,N/A,N/A,N/A,65.673,13.834,7.349
C_granulosus,3.707,0.569,1.321,126.07,2.555,0.356,0.899,78.52,17.327,6.742
C_granulosus,3.888,0.457,1.214,133.832,2.545,0.287,0.752,70.53,16.369,6.183
C_granulosus,3.121,0.569,1.433,158.807,2.021,0.364,0.695,123.829,21.225,9.036
C_granulosus,3.043,0.433,1.174,128.88,1.126,0.26,0.662,46.747,9.887,6.595
C_granulosus,2.371,0.36,0.718,152.022,1.104,0.327,0.82,44.218,14.069,4.51
C_lateriflorus,3.06,0.518,0.976,128.163,1.988,0.297,0.631,70.772,14.239,6.592
C_lateriflorus,N/A,N/A,N/A,N/A,N/A,N/A,N/A,43.367,10.439,5.731
C_lateriflorus,2.473,0.455,0.991,137.75,2.018,0.324,0.659,29.193,14.439,3.377
C_lateriflorus,N/A,N/A,N/A,N/A,N/A,N/A,N/A,25.333,12.117,3.425
C_lateriflorus,3.227,0.439,0.997,114.598,1.506,0.294,0.647,92.795,16.606,8.109
C_lateriflorus,N/A,N/A,N/A,N/A,N/A,N/A,N/A,27.516,8.793,4.394
C_lateriflorus,N/A,N/A,N/A,N/A,N/A,N/A,N/A,34.345,9.364,5.302
C_lateriflorus,N/A,N/A,N/A,N/A,N/A,N/A,N/A,27.75,8.525,4.721
C_lateriflorus,3.239,0.444,1.073,130.333,1.646,0.309,0.792,107.668,15.771,9.215
C_lateriflorus,2.52,0.344,0.719,145.111,1.386,0.264,0.517,21.61,8.86,3.849
C_lateriflorus,3.446,0.435,0.979,144.368,1.251,0.262,0.651,14.408,7.628,2.809
C_lateriflorus,3.393,0.528,0.841,144.965,0.936,0.249,0.644,N/A,N/A,N/A
C_lateriflorus,2.815,0.459,0.815,152.588,2.435,0.309,0.676,30.907,12.015,3.99
C_lateriflorus,2.826,0.327,0.831,127.023,1.176,0.281,0.64,N/A,N/A,N/A
C_lateriflorus,2.816,0.37,0.81,133.527,1.212,0.293,0.595,N/A,N/A,N/A
C_lateriflorus,2.74,0.497,1.083,133.397,1.073,0.301,0.731,73.2,16.561,6.84
C_lateriflorus,2.905,0.448,1.023,130.043,2.164,0.269,0.859,154.431,21.208,10.498
C_lateriflorus,3.764,0.382,1.165,117.867,1.691,0.275,0.717,41.729,11.94,5.335
C_lateriflorus,3.191,0.611,0.936,124.239,2.273,0.238,0.846,39.375,11.853,5.34
C_lateriflorus,N/A,N/A,N/A,N/A,N/A,N/A,N/A,55.373,14.72,5.522
C_lateriflorus,2.263,0.48,1.045,146.139,0.983,0.286,0.732,57.737,13.299,6.858
C_lateriflorus,3.057,0.584,1.143,142.502,1.589,0.376,0.752,57.785,12.376,6.877
C_lateriflorus,3.069,0.576,1.175,135.743,1.837,0.473,0.924,48.036,13.042,5.295
C_lateriflorus,2.538,0.304,0.888,142.993,N/A,N/A,N/A,48.67,11.521,6.219
C_lateriflorus,3.166,0.348,1.167,136.476,2.141,0.316,0.743,94.743,15.576,8.927
C_lateriflorus,2.821,0.367,1.062,112.291,2.148,0.373,0.916,51.949,11.307,5.964
C_lateriflorus,N/A,N/A,N/A,N/A,N/A,N/A,N/A,44.409,10.91,5.463
C_lugens,3.515,0.761,1.305,128.332,1.683,0.394,0.95,43.873,11.429,5.213
C_lugens,3.79,0.704,1.468,100.875,1.743,0.402,1.007,33.815,10.253,4.557
C_lugens,N/A,N/A,N/A,N/A,N/A,N/A,N/A,75.172,13.875,8.141
C_lugens,N/A,N/A,N/A,N/A,N/A,N/A,N/A,68.47,12.847,7.66
C_lugens,3.483,0.72,0.972,117.93,1.958,0.471,0.862,126.306,18.997,9.699
C_lugens,2.867,0.541,1.211,129.476,1.502,0.401,0.804,120.23,17.646,9.815
C_lugens,2.633,0.453,1.12,120.184,1.382,0.37,0.739,N/A,N/A,N/A
C_lugens,2.918,0.552,1.052,136.368,1.558,0.292,0.691,56.507,13.173,6.834
C_lugens,3.32,0.599,1.168,122.54,1.366,0.409,0.805,169.559,21.613,11.6
C_lugens,3.462,0.538,1.374,136.148,1.551,0.394,0.777,194.959,23.017,12.229
C_lugens,3.376,0.746,1.291,119.507,1.4,0.474,0.896,N/A,N/A,N/A
C_lugens,3.132,0.555,1.237,123.054,1.474,0.377,0.798,120.85,18.444,9.324
C_lugens,3.111,0.554,1.285,154.066,1.667,0.411,0.84,78.309,15.313,7.325
C_lugens,2.906,0.626,1.05,144.449,1.782,0.35,1.059,107.457,19.886,8.058
C_lugens,N/A,N/A,N/A,N/A,N/A,N/A,N/A,129.188,19.616,9.153
C_lugens,3.22,0.479,1.032,149.223,1.827,0.378,0.96,104.973,18.827,8.482
C_lugens,3.639,0.419,1.221,138.753,1.442,0.391,0.844,N/A,N/A,N/A
C_lugens,3.678,0.457,1.036,124.637,1.341,0.294,0.842,74.381,15.707,7.057
C_lugens,3.171,0.444,0.751,137.269,1.879,-0.296,0.683,107.104,17.776,9.465
C_lugens,3.772,0.478,0.954,98.523,0.859,0.331,0.704,121.366,19.109,9.052
C_lugens,3.786,0.651,1.316,135.596,1.426,0.375,0.635,172.863,21.982,11.606
C_lugens,3.111,0.427,0.922,153.71,1.658,0.381,0.833,78.341,15.636,7.182
C_lugens,3.14,0.805,1.001,117.446,1.496,0.378,0.786,69.323,14.715,6.789
C_lugens,3.339,0.457,0.944,114.547,1.407,0.37,0.827,334.211,32.344,15.452
C_lugens,3.2,0.399,0.879,125.656,1.09,0.297,0.639,N/A,N/A,N/A
C_lugens,3.379,0.778,1.118,121.509,1.528,0.416,0.801,167.544,19.327,12.157
C_lugens,N/A,N/A,N/A,N/A,N/A,N/A,N/A,132.589,17.66,11.426
C_lugens,3.195,0.662,1.087,130.308,1.258,0.37,0.688,96.54,15.555,9.003
C_nutans,3.01,0.474,1.057,152.941,1.442,0.333,0.647,70.889,17.532,6.767
C_nutans,2.977,0.453,1.171,156.291,1.595,0.384,0.836,59.462,16.317,6.059
C_nutans,N/A,N/A,N/A,N/A,N/A,N/A,N/A,199.511,22.537,13.971
C_nutans,N/A,N/A,N/A,N/A,N/A,N/A,N/A,159.711,18.322,12.81
C_nutans,N/A,N/A,N/A,N/A,N/A,N/A,N/A,103.207,18.373,8.131
C_nutans,N/A,N/A,N/A,N/A,N/A,N/A,N/A,123.471,19.944,9.057
C_nutans,3.754,0.481,1.097,173.662,2.321,0.421,0.862,125.824,22.312,7.812
C_nutans,3.598,0.449,0.961,166.197,2.136,0.379,0.945,122.632,21.149,8.74
C_nutans,3.188,0.425,0.847,146.941,2.067,0.412,0.91,120.243,21.705,8.531
C_nutans,N/A,N/A,N/A,N/A,N/A,N/A,N/A,122.745,17.342,9.556
C_nutans,N/A,N/A,N/A,N/A,N/A,N/A,N/A,151.567,18.237,11.112
C_nutans,3.701,0.601,1.288,120.948,1.563,0.322,0.533,77.912,16.735,6.575
C_nutans,3.042,0.47,0.949,149.011,1.901,0.251,0.795,210.098,23.567,12.991
C_nutans,2.743,0.527,1.056,142.718,1.961,0.314,0.744,167.987,22.006,12.027
C_nutans,3.76,0.412,1.358,143.798,2.121,0.338,0.971,205.861,32.814,9.314
C_nutans,2.344,0.304,0.754,138.399,0.961,0.246,0.59,34.228,12.357,3.659
C_nutans,2.489,0.241,0.68,150.327,0.887,0.333,0.647,22.367,10.507,3.18
C_nutans,3.68,0.45,1.336,157.562,1.908,0.397,1.041,89.599,17.048,7.151
C_nutans,3.329,0.511,1.248,146.433,N/A,N/A,N/A,59.653,13.875,5.994
C_nutans,3.137,0.449,1.192,151.15,2.108,0.33,0.939,N/A,N/A,N/A
C_nutans,3.173,0.344,1.136,147.918,2.567,0.327,0.729,182.108,23.004,11.938
C_nutans,3.69,0.484,1.425,130.323,2.111,0.342,0.875,156.072,22.072,10.442
C_nutans,N/A,N/A,N/A,N/A,N/A,N/A,N/A,93.986,17.759,7.921
C_nutans,N/A,N/A,N/A,N/A,N/A,N/A,N/A,72.896,17.941,6.379
C_nutans,3.65,0.483,1.272,146.682,1.901,0.31,0.808,N/A,N/A,N/A
C_nutans,3.481,0.576,1.336,152.2,2.445,0.329,0.991,N/A,N/A,N/A
C_nutans,3.879,0.58,1.365,141.885,1.975,0.429,0.99,199.743,22.417,11.68
C_nutans,4.121,0.586,1.385,156.537,2.069,0.447,0.949,198.04,24.641,11.539
C_nutans,N/A,N/A,N/A,N/A,N/A,N/A,N/A,203.406,27.478,10.632
C_nutans,N/A,N/A,N/A,N/A,N/A,N/A,N/A,164.492,24.855,9.451
C_nutans,3.425,0.516,0.998,162.628,2.347,0.278,0.857,35.588,12.058,4.338
C_nutans,3.097,0.451,1.202,152.517,2.406,0.297,0.832,36.746,11.56,4.587
C_nutans,3.077,0.497,1.125,138.333,2.549,0.249,0.712,195.811,22.053,12.887
C_nutans,3.398,0.453,1.086,150.728,1.968,0.253,0.792,76.417,14.289,7.809
C_nutans,3.405,0.471,1.297,144.835,2.331,0.343,0.894,N/A,N/A,N/A
C_nutans,3.518,0.554,1.251,154.633,2.111,0.347,0.812,92.972,18.641,7.997
C_nutans,3.188,0.477,1.088,156.567,2.252,0.284,0.865,113.463,19.572,9.041
C_nutans,3.315,0.55,1.274,145.45,1.26,0.352,0.839,N/A,N/A,N/A
C_nutans,2.754,0.374,0.935,135.653,1.407,0.383,0.723,180.481,25.584,10.662
C_nutans,2.941,0.46,1.07,141.887,N/A,N/A,N/A,147.783,19.312,11.547
C_nutans,3.369,0.577,1.271,133.88,1.967,0.284,0.742,146.445,23.397,10.025
C_nutans,N/A,N/A,N/A,N/A,N/A,N/A,N/A,108.952,19.695,8.226
C_nutans,3.584,0.73,1.495,135.637,1.97,0.384,0.944,140.431,18.371,10.363
C_nutans,N/A,N/A,N/A,N/A,N/A,N/A,N/A,153.081,20.251,10.356
C_nutans,3.358,0.51,1.144,151.719,1.779,0.317,0.876,41.534,11.728,5.305
C_nutans,3.545,0.481,1.398,160.031,1.692,0.349,0.942,35.579,10.215,5.123
C_nutans,3.562,0.624,1.126,138.498,1.974,0.37,0.945,55.521,14.906,5.503
C_nutans,3.609,0.497,1.662,134.849,1.73,0.308,0.802,39.281,12.983,4.437
C_nutans,3.252,0.817,1.558,158.427,1.539,0.432,0.976,N/A,N/A,N/A
C_nutans,3.801,0.727,1.403,151.042,1.845,0.278,0.861,N/A,N/A,N/A
C_nutans,3.814,0.683,0.867,147.512,1.942,0.334,0.755,118.748,18.254,8.65
C_nutans,3.599,0.566,1.17,139.616,N/A,N/A,N/A,43.018,11.106,5.211
C_nutans,3.774,0.557,0.959,156.161,2.12,0.345,0.734,133.614,19.596,9.969
C_nutans,3.798,0.56,0.884,158.958,2.117,0.296,0.843,87.724,16.535,7.409
C_nutans,3.749,0.535,1.122,145.871,1.944,0.279,0.822,172.587,27.062,9.977
C_nutans,3.35,0.413,1.108,151.329,1.912,0.288,0.784,N/A,N/A,N/A
C_nutans,N/A,N/A,N/A,N/A,N/A,N/A,N/A,83.703,17.227,7.603
C_nutans,N/A,N/A,N/A,N/A,N/A,N/A,N/A,72.498,16.484,7.254
C_nutans,3.722,0.465,1.24,149.508,2.006,0.329,0.76,72.656,15.038,6.769
C_nutans,3.305,0.529,1.225,153.407,1.806,0.386,0.869,51.824,12.579,5.599
C_nutans,3.179,0.628,1.106,140.678,1.92,0.33,0.849,51.656,12.259,5.97
C_nutans,N/A,N/A,N/A,N/A,N/A,N/A,N/A,140.484,19.463,9.872
C_nutans,N/A,N/A,N/A,N/A,N/A,N/A,N/A,171.299,23.496,11.471
C_nutans,3.48,0.509,1.073,139.248,2.379,0.349,0.79,N/A,N/A,N/A
C_nutans,2.7,0.405,0.767,129.603,1.847,0.283,0.73,97.36,17.32,8.7
C_nutans,3.451,0.405,0.955,152.87,1.88,0.31,0.819,66.725,14.643,6.385
C_nutans,3.992,0.68,1.311,150.784,1.636,0.26,0.635,48.853,12.662,5.972
C_nutans,3.293,0.431,1.27,151.139,1.912,0.268,0.83,62.082,13.822,7.005
C_nutans,3.373,0.517,1.197,142.885,1.724,0.244,0.626,N/A,N/A,N/A
C_nutans,3.365,0.488,1.258,160.393,2.576,0.314,0.865,110.641,16.572,9.932
C_nutans,3.584,0.534,1.133,158.916,2.215,0.347,0.888,N/A,N/A,N/A
C_nutans,3.616,0.549,1.235,140.15,1.631,0.376,0.795,45.558,13.481,5.145
C_nutans,3.364,0.403,0.951,148.908,N/A,N/A,N/A,79.683,13.576,8.656
C_nutans,3.606,0.453,1.049,142.859,2.184,0.329,0.725,67.912,12.217,7.44
C_nutans,3.634,0.597,1.29,141.444,N/A,N/A,N/A,76.688,13.452,7.861
C_nutans,3.805,0.46,1.198,147.009,1.926,0.354,0.733,69.568,16.099,6.367
C_nutans,N/A,N/A,N/A,N/A,N/A,N/A,N/A,124.114,17.723,9.705
C_nutans,3.26,0.522,1.104,152.161,2.497,0.386,0.856,107.966,16.902,8.487
C_nutans,3.401,0.532,1.164,156.336,2.148,0.367,0.891,N/A,N/A,N/A
C_nutans,3.609,-0.64,1.583,146.292,2.294,0.369,0.874,181.618,20.508,13.208
C_nutans,3.857,0.675,1.7,143.722,2.052,0.427,0.898,118.283,18.467,9.094
C_nutans,3.268,0.492,1.219,138.802,1.788,0.406,0.854,193.438,25.769,10.638
C_nutans,3.12,0.44,1.163,154.368,1.885,0.307,0.855,"123,563",21.631,7.811
C_nutans,3.57,0.539,1.102,145.475,1.858,0.28,0.776,N/A,N/A,N/A
C_nutans,3.427,0.498,1.19,138.526,1.797,0.327,0.806,N/A,N/A,N/A
C_nutans,N/A,N/A,N/A,N/A,N/A,N/A,N/A,100.482,17.932,7.93
C_nutans,N/A,N/A,N/A,N/A,N/A,N/A,N/A,92.665,18.735,10.002
C_nutans,3.305,0.608,1.391,145.856,2.545,0.345,0.769,N/A,N/A,N/A
C_nutans,3.147,0.646,1.167,152.096,1.75,0.339,0.762,N/A,N/A,N/A
C_nutans,3.751,0.592,1.401,140.756,2.303,0.406,0.891,167.393,21.406,11.388
C_nutans,3.92,0.566,1.318,134.312,2.415,0.356,0.83,101.523,16.404,8.49
C_nutans,3.577,0.514,1.176,149.145,2.167,0.325,0.855,N/A,N/A,N/A
C_nutans,3.446,0.696,1.199,134.57,1.95,0.359,0.745,275.544,31.271,12.692
C_nutans,3.201,0.495,1.042,136.665,2.046,0.295,0.589,124.961,20.437,8.59
C_nutans,3.29,0.362,1.118,159.025,2.303,0.319,0.873,224.321,27.433,12.3
C_nutans,3.412,0.434,1.295,148.409,1.796,0.25,0.723,53.755,13.77,5.808
C_nutans,3.491,0.471,1.437,152.594,N/A,N/A,N/A,50.326,11.395,6.005
C_nutans,3.492,0.497,1.076,141.299,1.758,0.262,0.718,N/A,N/A,N/A
C_nutans,3.001,0.461,1.087,148.258,1.944,0.294,0.851,N/A,N/A,N/A
C_nutans,3.128,0.466,0.831,132.613,2.249,0.393,0.819,N/A,N/A,N/A
C_nutans,N/A,N/A,N/A,N/A,N/A,N/A,N/A,60.02,14.835,5.906
C_nutans,N/A,N/A,N/A,N/A,N/A,N/A,N/A,136.344,20.134,9.484
C_nutans,N/A,N/A,N/A,N/A,N/A,N/A,N/A,137.424,18.916,10.554
C_nutans,3.142,0.457,1.298,247,N/A,N/A,N/A,152.925,23.487,9.84
C_nutans,N/A,N/A,N/A,N/A,N/A,N/A,N/A,88.097,17.441,8.337
C_nutans,N/A,N/A,N/A,N/A,N/A,N/A,N/A,78.856,15.967,7.632
C_nutans,3.949,0.519,1.065,140.037,2.17,0.32,0.776,138.179,20.483,9.989
C_nutans,N/A,N/A,N/A,N/A,N/A,N/A,N/A,136.328,18.976,10.486
C_nutans,3.303,0.521,1.104,124.776,1.943,0.301,0.787,N/A,N/A,N/A
C_nutans,2.987,0.494,0.953,141.223,2.187,0.235,0.787,N/A,N/A,N/A
C_nutans,3.021,0.47,1.283,139.578,1.804,0.313,0.824,N/A,N/A,N/A
C_nutans,3.037,0.407,1.009,137.851,1.639,0.312,0.806,N/A,N/A,N/A
C_nutans,3.507,0.702,1.198,"143,993",2.143,0.386,0.85,189.469,21.746,11.859
C_nutans,3.426,0.516,1.236,121.686,2.061,0.292,0.719,51.826,13.819,5.282
C_nutans,3.122,0.558,1.35,153.511,2.001,0.29,0.774,57.108,14.539,5.329
C_nutans,N/A,N/A,N/A,N/A,N/A,N/A,N/A,80.684,15.857,7.052
C_nutans,N/A,N/A,N/A,N/A,N/A,N/A,N/A,70.577,14.504,7.024
C_nutans,3.189,0.672,"1,081",157.906,1.738,0.269,0.783,75.848,18.965,6.342
C_nutans,2.779,0.429,1.243,148.921,1.28,0.205,0.675,N/A,N/A,N/A
C_nutans,2.71,0.371,0.872,157.09,1.847,0.223,0.662,N/A,N/A,N/A
C_nutans,N/A,N/A,N/A,N/A,N/A,N/A,N/A,109.171,19.572,8.783
C_nutans,N/A,N/A,N/A,N/A,N/A,N/A,N/A,116.404,19.561,8.866
C_solanifolius,3.749,0.686,1.002,151.749,1.172,0.232,0.734,45.484,11.597,5.545
C_solanifolius,3.444,0.414,0.794,154.175,1.256,0.309,0.75,30.969,12.077,4.076
C_solanifolius,3.765,0.478,0.735,162.154,1.445,0.259,0.663,32.582,10.832,4.581
C_solanifolius,N/A,N/A,N/A,N/A,N/A,N/A,N/A,34.508,13.473,4.508
C_solanifolius,N/A,N/A,N/A,N/A,N/A,N/A,N/A,30.125,12.244,4.198
C_solanifolius,4.125,0.57,1.254,164.778,0.989,0.309,0.777,31.621,11.024,4.44
C_solanifolius,3.897,0.542,1.04,165.127,N/A,N/A,N/A,N/A,N/A,N/A
C_solanifolius,4.232,0.512,1.041,151.474,0.933,0.292,0.734,48.876,14.512,5.416
C_solanifolius,4.464,0.648,1.067,158.82,N/A,N/A,N/A,48.923,14.876,5.359
C_solanifolius,4.778,0.71,0.833,176.326,1.312,0.246,0.668,N/A,N/A,N/A
C_solanifolius,4.037,0.609,1.057,167.525,N/A,N/A,N/A,13.595,7.736,2.987
C_solanifolius,4.122,0.49,1.063,160.594,1.077,0.202,0.692,142.154,20.828,10.796
C_solanifolius,4.34,0.457,1.004,162.093,1.165,0.219,0.806,N/A,N/A,N/A
C_solanifolius,4.165,0.485,1.187,160.77,N/A,N/A,N/A,43.964,16.404,4.43
C_solanifolius,N/A,N/A,N/A,N/A,N/A,N/A,N/A,44.964,14.994,4.608
C_solanifolius,3.178,0.612,0.986,158.756,N/A,N/A,N/A,72.625,15.002,8.067
C_solanifolius,3.608,0.43,0.883,158.526,N/A,N/A,N/A,26.963,10.669,4.207
C_solanifolius,3.654,0.525,0.836,150.236,N/A,N/A,N/A,N/A,N/A,N/A
C_solanifolius,3.448,0.502,1.106,164.481,N/A,N/A,N/A,50.509,11.609,6.581
C_solanifolius,3.696,0.489,1.212,163.472,N/A,N/A,N/A,50.952,12.06,6.885
C_solanifolius,4.107,0.502,0.933,146.652,0.997,0.227,0.718,83.92,18.679,7.654
C_solanifolius,4.874,0.362,0.777,148.819,0.768,0.248,0.745,69.493,16.62,7.087
C_solanifolius,N/A,N/A,N/A,N/A,N/A,N/A,N/A,22.758,10.269,3.823
C_solanifolius,N/A,N/A,N/A,N/A,N/A,N/A,N/A,23.453,10.056,3.67
C_solanifolius,4.278,0.691,1.237,166.792,N/A,N/A,N/A,49.057,15.978,4.82
C_solanifolius,N/A,N/A,N/A,N/A,N/A,N/A,N/A,104.092,22.1,7.066
C_solanifolius,3.567,0.336,1.029,166.727,1.151,0.25,0.499,27.58,10.737,3.916
C_solanifolius,4.961,0.81,1.127,158.522,1.81,0.282,0.938,83.968,16.468,8.232
C_solanifolius,5.085,0.849,1.277,158.879,1.661,0.343,0.913,N/A,N/A,N/A
C_solanifolius,3.927,0.644,1.017,2.71,0.976,0.257,0.693,41.237,11.854,5.096
C_solanifolius,4.12,0.562,1.027,151.095,1.049,0.3,0.745,111.202,19.788,8.502
C_solanifolius,4.623,0.792,1.116,162.616,1.737,0.285,0.786,N/A,N/A,N/A
C_solanifolius,4.949,0.967,1.573,159.578,N/A,N/A,N/A,66.917,15.624,6.494
C_solanifolius,3.872,0.479,1.061,157.465,1.038,0.372,0.667,69.098,16.228,6.727
C_solanifolius,4.207,0.561,1.07,167.503,0.834,0.33,0.647,24.29,9.66,3.522
C_solanifolius,4.466,0.605,0.859,163.183,0.982,0.383,0.702,20.627,9.278,3.337
C_solanifolius,N/A,N/A,N/A,N/A,N/A,N/A,N/A,94.639,19.453,7.447
C_solanifolius,N/A,N/A,N/A,N/A,N/A,N/A,N/A,83.385,17.974,7.123
C_solanifolius,4.603,0.399,0.979,164.157,0.744,0.329,0.656,54.768,13.277,6.191
C_solanifolius,4.7,0.518,1.23,169.302,0.823,0.272,0.622,56.072,14.936,5.642
C_solanifolius,4.054,0.579,0.975,162.615,0.826,0.32,0.632,45.718,13.958,5.198
C_solanifolius,4.987,0.723,1.358,148.254,1.52,0.396,1.059,88.908,16.354,7.963
C_solanifolius,4.62,0.46,1.217,152.984,1.692,0.36,0.944,71.789,14.792,7.195
C_solanifolius,3.913,0.449,0.91,149.307,0.917,0.288,0.688,122.213,18.645,9.86
C_solanifolius,4.711,0.713,1.469,168.176,0.761,0.342,0.804,88.23,14.793,8.044
C_solanifolius,4.294,0.633,0.911,145.421,1.571,0.302,0.624,17.724,9.607,2.897
C_solanifolius,4.569,0.563,0.885,150.371,1.506,0.224,0.695,15.967,9.88,2.578
C_solanifolius,3.274,0.463,0.833,165.361,1.351,0.307,0.649,96.761,20.135,7.415
C_solanifolius,3.358,0.377,0.874,170.225,1.363,0.253,0.606,96.241,19.362,7.182
C_solanifolius,N/A,N/A,N/A,N/A,N/A,N/A,N/A,114.3,20.948,8.877
C_solanifolius,4.46,0.723,0.986,150.604,1.136,0.284,0.714,N/A,N/A,N/A
C_solanifolius,N/A,N/A,N/A,N/A,N/A,N/A,N/A,139.385,23.628,9.102
C_solanifolius,N/A,N/A,N/A,N/A,N/A,N/A,N/A,110.676,21.383,7.419
C_solanifolius,3.947,0.56,0.74,171.734,0.898,0.247,0.719,47.103,13.98,5.415
C_solanifolius,4.11,0.618,0.754,167.136,1.195,0.284,0.702,39.534,13.707,4.856
C_solanifolius,3.859,0.494,0.874,168.802,1.254,0.379,0.889,N/A,N/A,N/A
C_solanifolius,3.08,0.586,1.379,178.525,1.412,0.262,0.714,55.339,14.647,5.579
C_solanifolius,N/A,N/A,N/A,N/A,N/A,N/A,N/A,119.775,22.057,8.801
C_solanifolius,4.303,0.674,0.793,148.234,1.045,0.23,0.669,89.073,16.077,8.034
C_solanifolius,3.078,0.574,1.001,172.336,1.314,0.254,0.622,55.693,16.739,5.668
C_solanifolius,3.492,0.421,1.054,161.803,1.344,0.288,0.619,51.772,15.091,5.606
C_solanifolius,2.904,0.453,1.078,152.439,"1,913",0.239,0.715,N/A,N/A,N/A
C_solanifolius,4.574,0.734,1.408,160.691,0.857,0.335,0.623,N/A,N/A,N/A
C_solanifolius,N/A,N/A,N/A,N/A,N/A,N/A,N/A,67.999,14.712,6.47
C_solanifolius,N/A,N/A,N/A,N/A,N/A,N/A,N/A,68.143,14.728,6.831
C_solanifolius,N/A,N/A,N/A,N/A,N/A,N/A,N/A,93.376,20.327,7.14
C_solanifolius,N/A,N/A,N/A,N/A,N/A,N/A,N/A,52.199,14.402,5.803
C_solanifolius,3.698,0.546,1.119,178.711,1.229,0.281,0.726,47.494,14.741,4.841
C_solanifolius,3.785,0.612,0.631,168.367,1.371,0.306,0.764,48.148,14.298,4.793
C_solanifolius,4.158,0.478,1.206,154.434,1.141,0.313,0.78,50.515,14.145,5.411
C_solanifolius,4.229,0.541,1.148,166.6,0.832,0.405,0.644,55.019,13.319,6.618
C_solanifolius,2.72,0.405,0.908,159.489,2.096,0.407,0.724,11.394,6.826,2.554
C_solanifolius,4.258,0.483,1.287,150.425,1.562,0.26,0.832,114.829,22.318,7.661
C_solanifolius,4.798,0.538,1.423,157.599,1.77,0.288,0.762,46.584,13.853,5.111
C_solanifolius,4.592,0.537,1.089,162.001,0.834,0.27,0.668,37.718,10.976,5.102
C_solanifolius,3.302,0.428,0.873,146.197,1.127,0.255,0.461,53.873,13.868,6.173
C_solanifolius,3.801,0.331,0.77,163.54,1.2,0.22,0.817,87.442,19.521,6.844
C_solanifolius,3.995,0.42,0.871,163.277,0.853,0.226,0.678,87.108,17.81,7.17
C_solanifolius,3.413,0.529,1.22,167.917,1.21,0.307,0.796,53.464,14.586,5.091
C_solanifolius,4.157,0.604,1.141,157.628,1.097,0.284,0.717,N/A,N/A,N/A
C_solanifolius,3.937,0.561,0.913,140.704,1.342,0.238,0.64,N/A,N/A,N/A
C_solanifolius,3.989,0.581,1.101,155.569,1.225,0.348,0.823,N/A,N/A,N/A
C_solanifolius,4.593,0.675,0.912,165.895,1.455,0.234,0.725,N/A,N/A,N/A
C_solanifolius,4.159,0.742,0.877,161.305,1.346,0.217,0.761,N/A,N/A,N/A
C_solanifolius,3.279,0.502,0.871,150.153,1.5,0.261,0.612,N/A,N/A,N/A
C_solanifolius,4.47,0.452,0.794,140.061,0.886,0.268,0.686,N/A,N/A,N/A
C_solanifolius,4.513,0.437,0.894,165.599,1.393,0.276,0.753,N/A,N/A,N/A
C_solanifolius,4.308,0.56,0.934,170.236,1.476,0.286,0.652,N/A,N/A,N/A
C_solanifolius,4.193,0.765,0.872,142.789,0.904,0.27,0.635,N/A,N/A,N/A
C_solanifolius,3.746,0.443,1.107,151.532,0.674,0.254,0.477,50.08,14.251,5.932
C_solanifolius,4.257,0.457,0.971,167.89,0.757,0.201,0.443,70.068,15.772,6.777
C_solanifolius,3.663,0.404,0.718,158.013,1.01,0.309,0.628,64.861,14.021,6.553
C_solanifolius,3.564,0.381,0.695,174.222,1.262,0.25,0.582,N/A,N/A,N/A
C_solanifolius,N/A,N/A,N/A,N/A,N/A,N/A,N/A,50.136,13.624,5.898
C_solanifolius,4.269,0.639,1.373,156.376,N/A,N/A,N/A,31.793,12.25,4.076
C_solanifolius,4.316,0.585,0.776,157.187,1.282,0.253,0.75,30.307,10.155,4.186
C_solanifolius,4.434,0.588,0.684,154.766,1.013,0.24,0.554,24.061,8.861,3.718
C_solanifolius,4.803,0.577,0.955,160.965,0.928,0.237,0.735,N/A,N/A,N/A
C_solanifolius,4.319,0.503,0.964,161.01,1.235,0.306,0.711,22.328,9.419,3.469
C_solanifolius,4.677,0.406,0.757,152.098,1.336,0.217,0.745,19.737,9.777,3.113
C_solanifolius,3.964,0.79,1.226,161.575,1.176,0.293,0.692,N/A,N/A,N/A
C_solanifolius,3.912,0.569,0.866,162.475,1.336,0.265,0.626,28.819,11.692,3.838
C_solanifolius,3.947,0.488,0.72,161.172,0.975,0.25,0.664,29.53,11.799,4.132
C_solanifolius,4.697,0.667,0.857,155.668,1.207,0.237,0.7,N/A,N/A,N/A
C_solanifolius,4.497,0.692,1.026,151.727,1.138,0.301,0.691,N/A,N/A,N/A
C_solanifolius,3.555,0.79,1.151,164.607,1.499,0.239,0.779,49.533,14.239,5.27
C_solanifolius,4.436,0.767,1.027,161.773,1.089,0.284,0.83,34.069,11.398,4.634
C_solanifolius,4.377,0.626,0.967,155.174,0.967,0.268,0.637,30.068,10.776,4.316
C_solanifolius,4.875,0.684,1.216,151.734,1.359,0.293,0.843,34.641,13.098,4.515
C_solanifolius,4.494,0.572,0.995,146.31,1.517,0.227,0.747,31.812,13.293,3.968
C_solanifolius,4.435,0.459,0.909,156.286,1.349,0.221,0.67,48.219,14.556,5.472
C_solanifolius,4.117,0.749,0.932,160.61,1.155,0.234,0.576,30.063,11.647,4.391
C_solanifolius,3.717,0.533,0.907,166.322,1.152,0.285,0.762,N/A,N/A,N/A
C_solanifolius,3.438,0.634,1.063,152.291,1.237,0.298,0.757,N/A,N/A,N/A
C_solanifolius,4.332,0.587,1.056,149.93,N/A,N/A,N/A,36.491,12.91,4.463
C_solanifolius,4.284,0.758,1.03,154.608,N/A,N/A,N/A,38.642,13.076,4.656
C_solanifolius,4.204,0.73,1.381,155.469,1.309,0.241,0.782,45.744,12.508,5.568
C_solanifolius,4.074,0.748,1.152,155.616,N/A,N/A,N/A,38.222,12.608,4.874
C_solanifolius,3.974,0.65,1.327,155.941,1.321,0.353,0.685,30.862,11.214,4.569
C_solanifolius,3.841,0.644,0.925,160.591,1.356,0.29,0.745,37.447,11.905,5.079
C_baezanus,3.2845,0.334,1.004,134.0865,1.52,0.19,1.0865,50.7545,22.59,5.9945
C_baezanus,N/A,N/A,N/A,N/A,N/A,N/A,N/A,70.4995,12.0315,7.4715
C_baezanus,N/A,N/A,N/A,N/A,N/A,N/A,N/A,39.392,14.621,4.48
C_baezanus,N/A,N/A,N/A,N/A,N/A,N/A,N/A,35.663,12.268,5.306
C_baezanus,3.461,0.824,0.96,127.928,1.477,0.342,0.978,67.207,10.552,6.7155
C_baezanus,N/A,N/A,N/A,N/A,N/A,N/A,N/A,30.341,15.087,4.9205
C_baezanus,2.619,0.66,0.981,132.553,0.937,0.352,0.899,196.995,8.9215,10.919
C_baezanus,2.895,0.756,1.203,123.714,0.8575,0.298,0.557,72.474,27.265,7.22
C_baezanus,2.93,0.618,0.83,134.613,1.657,0.339,0.795,92.9255,13.882,8.3755
C_baezanus,2.856,0.665,0.806,137.547,2.069,0.296,0.927,102.559,16.597,9.555
C_baezanus,2.524,0.488,0.7875,131.158,1.2525,0.3425,0.8835,88.8485,14.288,7.601
C_baezanus,2.96,0.722,1.105,120.597,1.566,0.329,0.87,115.348,17.255,9.791
C_baezanus,N/A,N/A,N/A,N/A,N/A,N/A,N/A,77.053,19.061,7.3365
C_baezanus,3.169,0.763,1.17,135.917,1.194,0.343,0.91,103.015,14.537,8.6705
C_baezanus,2.924,0.393,0.856,124.977,1.5585,0.2735,0.933,79.889,17.6205,6.729
C_baezanus,3.282,0.612,1.132,134.865,0.984,0.321,0.73,N/A,17.538,N/A
C_baezanus,2.73,0.718,1.049,139.051,N/A,N/A,N/A,71.079,N/A,6.9195
C_baezanus,2.398,0.671,0.979,145.396,1.111,0.273,0.679,49.791,16.021,5.462
C_baezanus,3.045,0.798,1.186,133.514,1.1,0.348,0.745,117.2325,12.745,8.2605
C_baezanus,2.861,0.687,1.081,155.654,1.069,0.529,1.058,205.061,20.486,9.955
C_alsophilus,3.491,0.6515,1.136,122.9685,1.222,0.325,0.912,117.806,29.008,7.295
C_alsophilus,3.1565,0.5,0.6665,165.036,1.4045,0.318,0.972,50.6915,23.393,5.181
C_alsophilus,2.249,0.519,0.72,148.8535,0.8855,0.2575,0.682,43.0885,14.0565,5.6025
C_alsophilus,5.0075,0.561,0.6195,153.4725,0.501,0.24,0.42,91.573,10.6945,7.062
C_alsophilus,3.0445,0.497,0.695,135.412,0.5545,0.1315,0.4245,62.4075,17.478,5.6715
C_alsophilus,3.571,0.476,0.661,152.608,0.6,0.19,0.6,60.277,15.802,5.7415
C_alsophilus,3.55,0.4805,0.5205,141.5435,0,0,0,12.9735,14.961,2.11
C_alsophilus,3.6765,0.529,0.8705,151.2835,0.853,0.256,0.705,101.257,7.979,6.741
C_alsophilus,N/A,N/A,N/A,N/A,N/A,N/A,N/A,117.974,22.014,7.7425
C_alsophilus,3.657,0.643,1.1035,154.5725,1.092,0.369,0.829,79.339,21.37,7.145
C_alsophilus,3.3365,0.5715,0.7435,153.172,1.2395,0.3035,0.7945,91.392,15.7815,8.386
C_alsophilus,3.661,0.323,1.049,139.803,1.257,0.476,1.151,113.2775,16.519,8.07
C_alsophilus,3.6465,0.465,0.671,150.759,1.3455,0.2465,0.7595,N/A,22.2375,N/A
C_congestus,2.646,0.326,0.94,131.497,1.444,0.269,0.454,98.3555,20.467,7.0405
C_congestus,3.1015,0.2565,1.0405,138.6865,0.632,0.238,0.589,95.6945,20.4765,7.546
C_congestus,2.774,0.378,1.089,141.383,N/A,N/A,N/A,181.366,24.8845,11.5425
C_congestus,2.957,0.383,0.824,125.143,0.602,0.2715,0.602,94.4205,16.582,8.9825
C_congestus,2.5955,0.404,0.935,145.416,0.886,0.264,0.635,53.312,14.043,6.269
C_congestus,3.2335,0.4095,0.9495,132.814,0.9165,0.2335,0.5775,92.521,18.823,7.991
C_congestus,2.8765,0.394,0.7735,146.9815,0.8465,0.264,0.5575,117.8405,21.0275,8.7
C_congestus,3.2505,0.506,1.0485,146.712,0.757,0.274,0.526,110.536,18.9115,8.643
C_congestus,2.5705,0.366,0.847,127.1135,0.814,0.263,0.485,32.617,10.465,4.8225
C_congestus,2.4365,0.358,0.815,151.7385,0.7895,0.27,0.5895,153.783,22.704,11.323
C_congestus,2.674,0.3205,0.9075,133.4385,1.2415,0.168,0.5415,145.438,21.021,10.837
C_congestus,2.973,0.46,1.058,132.807,1.354,0.277,0.688,122.9035,23.016,8.643
C_congestus,2.426,0.583,0.777,143.628,1.401,0.312,0.575,N/A,N/A,N/A
C_congestus,2.267,0.525,0.957,131.624,N/A,N/A,N/A,220.654,28.366,11.808
C_congestus,2.26,0.406,0.852,126.687,1.22,0.27,0.631,114.505,19.846,8.663
C_congestus,2.652,0.362,0.931,140,1.435,0.193,0.509,157.355,26.787,9.963
C_congestus,2.494,0.549,1.135,149.868,1.339,0.229,0.532,236.124,30.646,11.886
C_congestus,3.087,0.407,0.98,138.9445,1.295,0.2725,0.672,99.276,21.4415,7.306
C_congestus,2.288,0.387,0.895,148.941,0.817,0.238,0.494,198.133,29.516,10.278
C_congestus,3.1765,0.6305,1.195,144.3635,1.27,0.222,0.516,90.21,16.138,8.381
C_congestus,3.045,0.488,0.988,130.436,1.069,0.327,0.692,127.11,22.262,9.403
C_congestus,2.8485,0.4825,0.8755,126.7735,0.9685,0.216,0.493,N/A,N/A,N/A
C_congestus,3.263,0.53,1.007,143.091,1.381,0.242,0.594,137.273,25.4,8.594
C_congestus,2.93,0.335,0.806,128.553,N/A,N/A,N/A,100.866,22.938,7.543
C_congestus,2.568,0.297,0.7825,136.759,0.9435,0.237,0.556,145.366,26.675,9.807
C_congestus,3.989,0.534,1.141,153.832,1.412,0.332,0.82,42.437,11.791,5.085
C_congestus,3.027,0.418,1.11,152.529,1.156,0.23,0.56,103.117,20.165,9.961
C_congestus,3.355,0.397,0.848,132.968,0.942,0.274,N/A,94.31,16.951,9.359
C_congestus,3.268,0.4,1.08,139.95,1.308,N/A,N/A,87.229,15.731,8.108
C_congestus,2.74,0.212,0.871,136.669,0.835,0.229,0.486,230.453,31.268,11.9
C_congestus,3.008,0.239,0.957,140.672,1.002,N/A,N/A,101,20.36,7.772
C_congestus,2.894,0.368,0.89,142.496,N/A,N/A,N/A,48.973,16.475,5.078
C_congestus,3.268,0.44,0.768,136.689,0.848,N/A,N/A,N/A,N/A,N/A
C_congestus,2.773,0.301,0.6385,130.845,1.0875,0.217,0.6395,N/A,N/A,N/A
C_congestus,N/A,N/A,N/A,N/A,N/A,N/A,N/A,105.8195,18.125,8.8525
C_congestus,3.1965,0.4655,0.917,140.366,0.845,0.2465,0.584,118.888,22.814,8.5295
C_congestus,N/A,N/A,N/A,N/A,N/A,N/A,N/A,30.8825,12.084,3.736
C_congestus,3.0645,0.3405,0.8795,143.645,0.838,0.289,0.653,159.9305,26.266,9.2635
C_congestus,3.157,0.3645,0.9535,134.707,0.7825,0.2955,0.657,108.2555,23.47,7.6315
C_congestus,2.692,0.377,0.823,135.706,1.058,0.189,0.534,93.193,20.144,7.198
C_congestus,2.722,0.341,0.72,133.929,0.781,0.348,0.664,43.906,12.364,5.405
C_congestus,2.944,0.368,0.902,138.053,0.906,0.2455,0.572,102.8975,21.2335,7.8995
C_congestus,2.8515,0.334,0.828,140.731,0.7705,0.242,0.5445,117.131,24.243,7.976
C_congestus,2.646,0.314,0.881,129.844,0.971,0.252,0.562,N/A,N/A,N/A
C_congestus,N/A,N/A,N/A,N/A,N/A,N/A,N/A,137.0345,25.263,9.1035
C_congestus,2.9415,0.367,1.064,137.289,1.509,0.23,0.588,205.715,27.701,11.328
C_congestus,2.649,0.464,0.738,159.54,0.808,0.229,0.477,146.58,25.126,9.282
C_congestus,2.645,0.357,0.865,139.13,1.1945,0.2525,0.5515,N/A,N/A,N/A
C_congestus,2.924,0.377,0.884,133.2145,1.085,0.225,0.604,138.5525,25.2275,9.354
C_congestus,2.756,0.329,0.948,115.774,0.844,0.235,0.57,174.163,23.523,10.605
C_congestus,3.253,0.434,0.9305,145.086,0.966,0.29,0.611,98.956,20.246,8.0675
C_congestus,3.347,0.374,0.814,125.745,0.82,0.236,0.55,101.291,18.65,7.261
C_congestus,2.91,0.3405,0.883,138.3455,0.862,0.232,0.56,115.809,23.5935,7.8965
C_congestus,3.168,0.602,0.895,132.873,0.991,0.274,0.639,251.224,32.412,12.684
C_curvatus,4.046,0.334,1.217,142.643,1.359,0.333,0.94,N/A,N/A,N/A
C_curvatus,2.908,0.476,1.254,126.56,0.925,0.361,0.735,110.176,21.7625,8.1145
C_curvatus,4.1995,0.515,1.4515,129.817,1.835,0.389,1.0305,174.968,27.2005,9.584
C_curvatus,N/A,N/A,N/A,N/A,N/A,N/A,N/A,126.56,25.867,7.385
C_curvatus,2.8145,0.78,1.403,134.8055,2.1265,0.4155,0.896,154.623,25.2655,10.2955
C_curvatus,2.576,0.5595,1.27,127.7175,1.4495,0.355,0.602,81.186,16.5985,7.6795
C_curvatus,2.798,0.625,1.511,134.526,1.842,0.422,0.936,88.7815,20.185,7.758
C_curvatus,2.4355,0.578,1.359,140.971,1.6275,0.3825,0.666,115.9475,20.0415,9.377
C_curvatus,2.473,0.294,0.822,140.979,1.047,0.213,0.604,60.976,13.8365,6.4895
C_curvatus,N/A,N/A,N/A,N/A,N/A,N/A,N/A,69.3135,15.287,6.6595
C_curvatus,2.624,0.47,1.12,128.616,1.083,0.353,0.819,45.251,12.812,5.544
C_curvatus,3.115,0.402,1.149,151.174,N/A,N/A,N/A,N/A,N/A,N/A
C_curvatus,3.5525,0.416,1.0815,148.451,1.719,0.361,0.7965,186.506,28.4375,9.6675
C_curvatus,2.8645,0.428,1.3125,121.319,1.3755,0.375,0.8635,232.268,29.651,10.796
C_curvatus,3.366,0.4255,1.0215,140.4445,1.4285,0.3315,0.7945,153.836,31.501,7.327
C_densiflorus,3.521,0.7265,888.3555,134.4625,1.2075,0.4025,0.7855,43.472,12.4255,5.0885
C_densiflorus,2.789,0.448,1,139.936,1.269,0.326,0.758,61.2945,15.344,5.9025
C_densiflorus,3.0465,0.5665,1,142.6,1.545,0.443,0.8205,37.283,11.312,4.825
C_densiflorus,2.5875,0.4345,0.954,129.079,1.4825,0.355,0.729,29.099,8.978,4.324
C_densiflorus,2.575,0.509,1.638,144.288,1.63,0.343,0.836,N/A,N/A,N/A
C_densiflorus,2.468,0.349,1.358,125.029,0.827,0.393,0.612,55.943,14.354,5.479
C_densiflorus,2.764,0.784,1.122,139.235,0.946,0.29,0.563,42.109,13.853,4.594
C_densiflorus,2.534,0.558,1.117,142.866,1.389,0.381,0.863,157.267,22.565,10.456
C_densiflorus,2.879,0.416,1.339,146.302,1.483,0.382,0.849,24.897,9.183,3.951
C_gamosepalus,3.09,0.456,1.24,141.626,1.404,0.264,0.583,81.794,18.775,7.488
C_gamosepalus,3.341,0.383,1.02,146.253,N/A,N/A,N/A,39.256,12.0315,5.0285
C_gamosepalus,3.238,0.422,0.974,132.471,1.709,0.267,0.666,N/A,N/A,N/A
C_gamosepalus,3.275,0.411,1.255,155.509,1.404,0.263,0.632,148.133,22.046,10.34
C_gamosepalus,3.3065,0.357,1.325,132.1765,1.0915,0.28,0.636,105.277,18.776,7.8275
C_gamosepalus,N/A,N/A,N/A,N/A,N/A,N/A,N/A,123.237,25.093,7.837
C_gamosepalus,3.128,0.424,0.969,158.208,1.518,0.255,0.793,N/A,N/A,N/A
C_gamosepalus,3.473,0.428,1.055,134.556,1.194,0.26,0.551,81.7465,15.4235,8.7765
C_gamosepalus,2.687,0.373,0.902,136.475,1.124,0.335,0.675,40.665,11.561,5.405
C_gamosepalus,N/A,N/A,N/A,N/A,N/A,N/A,N/A,133.966,26.124,8.192
C_gamosepalus,3.67,0.491,1.12,127.936,1.206,0.282,0.556,133.271,24.499,9.108
C_gamosepalus,3.23,0.417,1.118,136.2965,1.168,0.326,0.677,53.985,19.563,4.68
C_gamosepalus,3.2305,0.3715,0.925,135.34,1.246,0.2665,0.5545,82.184,18.77,7.407
C_gamosepalus,2.892,0.347,0.863,125.3905,605.053,0.2315,0.6545,86.205,19.564,6.973
C_gamosepalus,3.193,0.414,0.975,128.139,1.389,0.324,0.622,105.591,23.185,7.883
C_gamosepalus,3.488,0.3135,0.9425,135.3185,1.2805,0.3115,0.6855,39.31,14.211,4.687
C_gamosepalus,2.8805,0.336,0.994,139.6165,1.072,0.2975,0.541,145.122,26.211,8.889
C_gamosepalus,3.721,0.432,1.236,166.561,N/A,N/A,N/A,80.143,17.84,7.246
C_gamosepalus,3.144,0.405,1.29,142.067,1.094,0.232,0.577,180.948,27.128,10.98
C_gamosepalus,3.46,0.565,1.324,135.648,1.927,0.274,0.721,68.159,15.627,6.621
C_gamosepalus,N/A,N/A,N/A,N/A,N/A,N/A,N/A,113.522,19.0245,9.2265
C_gamosepalus,3.367,0.4955,1.0875,134.795,1.171,0.2315,0.4995,99.7135,26.4345,6.734
C_gamosepalus,N/A,N/A,N/A,N/A,N/A,N/A,N/A,67.353,13.2515,7.149
C_gamosepalus,2.7905,0.361,0.8365,123.172,1.287,0.284,0.632,116.862,20.76,9.572
C_gamosepalus,N/A,N/A,N/A,N/A,N/A,N/A,N/A,158.423,27.135,9.62
C_gamosepalus,3.392,0.4575,1.467,131.123,1.1575,0.311,0.6575,141.2295,23.3355,9.5375
C_gamosepalus,3.746,0.505,1.061,138.346,1.159,0.269,0.613,95.609,17.915,8.082
C_gamosepalus,3.2405,0.4825,1.2395,147.909,1.215,0.285,0.64,122.7675,20.4075,9.481
C_gamosepalus,3.069,0.365,0.951,143.387,0.962,0.312,0.6,38.814,11.662,5.388
C_gamosepalus,N/A,N/A,N/A,N/A,N/A,N/A,N/A,56.307,15.177,6.071
C_gamosepalus,3.8505,0.4575,1.301,148.4195,1.166,0.3145,0.694,33.797,10.26,5.337
C_gamosepalus,3.183,0.3845,1.211,140.3205,0.965,0.333,0.6375,73.076,17.505,6.9235
C_gamosepalus,2.807,0.3,1.211,136.71,N/A,N/A,N/A,99.413,23.595,7.118
C_gamosepalus,3.155,0.286,0.965,169.831,1.695,0.252,0.636,80.755,15.329,7.831
C_gamosepalus,N/A,N/A,N/A,N/A,N/A,N/A,N/A,118.772,24.686,7.969
C_gamosepalus,3.843,0.444,0.836,172.553,1.526,0.22,0.677,54.799,12.786,6.488
C_gamosepalus,3.479,0.312,1.24,128.2045,1.024,0.278,0.587,97.5835,20.268,7.755
C_gamosepalus,3.0065,0.3865,1.6055,139.8555,1.007,0.2705,0.6655,157.886,26.076,9.426
C_gamosepalus,N/A,N/A,N/A,N/A,N/A,N/A,N/A,124.166,20.678,8.982
C_gamosepalus,3.291,0.413,1.381,121.788,1.146,0.243,0.63,117.053,16.994,9.433
C_gamosepalus,N/A,N/A,N/A,N/A,N/A,N/A,N/A,112.435,20.9635,8.5845
C_gamosepalus,3.043,0.264,1.162,129.077,1.152,0.3,0.653,134.906,23.184,9.637
C_gamosepalus,2.606,0.41,0.93,127.987,0.961,0.311,0.787,117.836,23.531,8.542
C_gesneriiformis,2.572,0.253,0.765,153.509,0.933,0.271,0.494,197.231,28.819,11.367
C_gesneriiformis,3.395,0.446,0.807,162.0875,1.1475,0.298,0.659,N/A,N/A,N/A
C_gesneriiformis,3.5765,0.583,1.247,166.0445,1.021,0.314,0.784,159.874,25.7835,9.5965
C_gesneriiformis,4.035,0.3135,0.729,173.7385,1.1155,0.265,0.7065,188.9435,28.6665,10.844
C_gesneriiformis,3.82,0.387,1.181,166.537,0.899,0.282,0.713,111.739,24.048,7.507
C_hirtus,3.234,0.427,0.795,134.476,1.042,0.218,0.573,41.081,15.374,4.315
C_hirtus,2.8745,0.4795,0.7525,125.663,0.8835,0.2425,0.5925,39.885,17.44,3.804
C_hirtus,2.975,0.467,0.923,130.343,1.104,0.232,0.558,47.301,17.7275,4.1005
C_hirtus,3.1625,0.674,0.8115,134.4955,1.228,0.287,0.7895,N/A,N/A,N/A
C_hirtus,3.4835,0.3945,0.7475,168.4075,1.8475,0.223,0.896,38.4735,14.9425,4.1985
C_latifolius,2.4605,0.4755,0.886,137.87,1.219,0.227,0.607,65.747,18.5015,5.9195
C_latifolius,3.033,0.509,1.079,137.782,1.311,0.301,0.685,71.7165,17.1555,6.5315
C_latifolius,2.524,0.29,0.866,159.107,1.028,0.217,0.6,59.699,17.15,5.928
C_latifolius,2.607,0.466,1.169,138.54,0.976,0.339,0.662,N/A,N/A,N/A
C_latifolius,2.881,0.331,1.073,150.225,1.915,0.289,0.888,132.705,24.812,8.693
C_macrophyllus ,2.5565,0.36,0.862,126.795,N/A,N/A,N/A,63.5475,17.4135,5.704
C_macrophyllus ,2.7605,0.476,0.914,125.5765,1.388,0.296,0.769,114.1215,21.513,8.183
C_macrophyllus ,3.273,0.372,1.06,126.039,1.13,0.283,0.734,276.287,45.039,11.491
C_macrophyllus ,3.126,0.464,0.868,133.911,0.807,0.255,0.54,147.006,29.404,7.872
C_macrophyllus ,2.387,0.443,0.553,157.386,0.889,0.223,0.494,59.11,16.492,6.092
C_macrophyllus ,2.7765,0.497,0.83,152.2005,1.48,0.257,0.5765,149.1235,29.161,8.904
C_macrophyllus ,2.714,0.4865,0.775,145.0565,1.1095,0.2535,0.6285,123.886,27.6885,7.745
C_macrophyllus ,2.563,0.359,0.689,131.213,0.959,0.254,0.655,74.133,20.126,6.338
C_macrophyllus ,3.941,0.5465,1.191,168.244,1.174,0.3245,0.737,181.759,25.914,12.1685
C_macrophyllus ,3.295,0.4365,1.1735,142.188,1.535,0.315,0.612,45.6575,12.3035,6.0435
C_macrophyllus ,4.255,0.6565,1.748,162.95,1.0145,0.3815,0.8015,249.277,33.742,11.538
C_loretensis,N/A,N/A,N/A,N/A,N/A,N/A,N/A,173.943,29.086,8.8445
C_loretensis,2.8555,0.5635,0.7675,129.818,0.881,0.3055,0.631,115.0255,20.4095,8.7315
C_loretensis,3.279,0.363,1.348,136.777,1.291,0.349,0.832,176.131,28.407,8.832
C_loretensis,3.588,0.526,1.024,128.6365,1.718,0.4045,1.09,285.9545,32.5495,12.0485
C_loretensis,3.858,0.335,1.21,137.876,1.589,0.328,1.089,175.954,26.838,9.454
C_loretensis,2.681,0.386,0.932,146.298,0.709,0.414,0.7,151.974,26.953,7.616
C_loretensis,3.5575,0.4025,0.9205,133.9885,1.576,0.3165,0.8845,N/A,N/A,N/A
C_loretensis,3.391,0.3915,1.2275,148.658,1.6345,0.3575,0.773,117.024,20.399,8.043
C_loretensis,N/A,N/A,N/A,N/A,N/A,N/A,N/A,582.732,39.069,20.157
C_loretensis,3.722,0.484,1.368,139.071,1.797,0.328,1.098,166.139,24.936,9.539
C_loretensis,3.244,0.507,1.0315,124.4345,1.424,0.46,1.0325,133.7505,23.16,8.453
C_loretensis,3.441,0.384,1.233,146.352,1.734,0.337,1.038,181.771,27.8985,10.0245
C_loretensis,3.496,0.572,1.044,150.587,1.624,0.424,0.978,N/A,N/A,N/A
C_loretensis,3.868,0.579,1.3225,137.0305,1.902,0.359,1.0585,N/A,N/A,N/A
C_loretensis,4.2005,0.652,1.431,150.094,1.8845,0.3815,1.034,115.4955,19.299,8.3155
C_loretensis,4.45,0.8665,1.511,136.585,2.025,0.373,0.979,155.147,26.8425,8.1955
C_loretensis,3.945,0.7015,1.4045,135.024,1.54,0.3355,0.9925,108.53,20.4425,7.956
C_loretensis,3.067,0.439,1.049,116.565,1.296,0.342,0.896,153.035,26.397,8.998
C_loretensis,3.342,0.583,0.949,125.391,1.652,0.32,0.981,111.832,23.596,7.252
C_loretensis,3.336,0.478,0.903,137.983,N/A,N/A,N/A,130.8155,23.6665,8.707
C_loretensis,2.9935,0.4795,0.9125,151.0255,1.3645,0.402,0.752,205.966,28.654,10.8395
C_loretensis,3.9285,0.6325,1.074,134.6625,1.7995,0.3655,0.9355,215.743,25.9235,13.212
C_loretensis,3.9515,0.509,1.228,137.3045,1.7445,0.36,1.1055,225.085,28.88,11.359
C_loretensis,3.9765,0.5775,1.348,149.784,1.4615,0.4105,0.8995,175.9375,26.902,9.726
C_loretensis,3.427,0.455,0.796,109.216,1.534,0.307,0.888,82.005,20.0165,5.582
C_loretensis,4.1165,0.4145,1.1375,135.7695,2.168,0.346,0.9765,147.378,21.5115,9.364
C_loretensis,2.898,0.483,0.9865,114.0905,1.471,0.343,0.767,113.27,25.557,7.2725
C_loretensis,2.119,0.271,0.496,164.785,N/A,N/A,N/A,128.301,22.787,8.516
C_loretensis,N/A,N/A,N/A,N/A,N/A,N/A,N/A,239.731,31.273,12.044
C_loretensis,3.385,0.473,1.091,128.157,1.525,0.318,0.886,N/A,N/A,N/A
C_loretensis,3.504,0.314,0.864,168.476,1.736,0.365,0.908,N/A,N/A,N/A
C_loretensis,N/A,N/A,N/A,N/A,N/A,N/A,N/A,131.066,24.522,7.983
C_loretensis,N/A,N/A,N/A,N/A,N/A,N/A,N/A,97.6875,18.286,7.642
C_loretensis,2.831,0.4655,0.992,139.707,1.092,0.374,0.7465,164.7915,30.229,7.952
C_loretensis,3.3135,0.695,1.18,125.7265,1.5675,0.339,1.0065,142.045,23.015,9.611
C_loretensis,N/A,N/A,N/A,N/A,N/A,N/A,N/A,199.986,29.579,10.955
C_loretensis,2.066,0.397,0.874,139.783,1.023,0.348,0.732,135.589,22.594,8.959
C_loretensis,N/A,N/A,N/A,N/A,N/A,N/A,N/A,142.673,23.3615,9.222
C_loretensis,4.226,0.622,1.375,193.918,1.645,0.408,1.097,134.094,26.838,7.346
C_loretensis,3.222,0.6,1.251,138.029,1.382,0.421,0.865,124.002,20.3225,8.8465
C_loretensis,3.5265,0.6065,1.151,139.7505,1.774,0.32,0.977,107.138,20.0035,8.1155
C_loretensis,3.9555,0.5155,1.235,147.878,1.6645,0.356,0.8335,73.1315,17.0115,6.239
C_loretensis,3.171,0.539,1.237,130.423,1.396,0.325,0.813,119.908,24.045,7.484
C_loretensis,3.113,0.5905,1.0645,132.535,1.0665,0.339,0.7565,124.9705,25.242,7.553
C_loretensis,3.026,0.5325,1.277,130.171,1.468,0.3695,0.949,197.398,25.7295,10.784
C_loretensis,3.399,0.535,1.34,148.711,1.766,0.364,0.964,111.212,20.944,8.03
C_loretensis,3.8885,0.4235,1.22,133.9095,1.689,0.4405,1.106,162.31,24.232,10.373
C_loretensis,3.143,0.6805,1.0785,126.2455,1.7655,0.3805,1.169,135.501,24.718,8.2305
C_loretensis,4.3505,0.6105,1.3865,128.88,1.942,0.4385,1.14,227.825,32.8115,9.812
C_loretensis,4.076,0.519,1.226,140.259,1.9,0.386,1.103,197.697,31.997,8.7855
C_loretensis,N/A,N/A,N/A,N/A,N/A,N/A,N/A,137.309,29.98,7.356
C_loretensis,N/A,N/A,N/A,N/A,N/A,N/A,N/A,138.9365,24.0925,8.496
C_loretensis,2.689,0.536,0.923,133.782,1.392,0.351,0.796,111.721,20.732,7.759
C_loretensis,3.602,0.57,1.012,136.055,N/A,N/A,N/A,307.54,35.629,13.489
C_loretensis,3.436,0.703,1.246,120.148,1.462,0.338,0.811,141.492,27.161,7.672
C_loretensis,4.215,0.484,1.301,165.901,1.986,0.239,0.894,186.064,33.063,8.351
C_loretensis,3.8295,0.4985,0.861,140.376,1.833,0.3395,0.919,209.574,30.9705,10.316
C_loretensis,2.834,0.414,0.739,130.551,0.871,0.288,0.613,183.422,26.948,9.872
C_loretensis,4.099,0.586,1.204,128.7,2.107,0.348,0.98,95.121,21.873,6.305
C_loretensis,3.0605,0.369,0.8825,148.8385,1.439,0.267,0.928,163.854,25.493,9.408
C_loretensis,3.3865,0.484,0.878,133.3945,1.712,0.305,0.961,331.642,32.771,13.966
C_loretensis,N/A,N/A,N/A,N/A,N/A,N/A,N/A,149.146,31.995,7.804
C_loretensis,N/A,N/A,N/A,N/A,N/A,N/A,N/A,129.555,22.918,8.211
C_loretensis,N/A,N/A,N/A,N/A,N/A,N/A,N/A,67.757,20.039,5.3515
C_loretensis,N/A,N/A,N/A,N/A,N/A,N/A,N/A,211.091,28.474,10.101
C_loretensis,3.501,0.423,1.145,149.213,N/A,N/A,N/A,197.197,33.575,9.356
C_loretensis,2.919,0.396,1.044,138.303,1.173,0.285,0.848,174.185,24.495,9.777
C_loretensis,3.5295,0.4075,1.2,161.4615,2.2765,0.3655,1.0775,288.486,46.74,10.705
C_loretensis,N/A,N/A,N/A,N/A,N/A,N/A,N/A,145.889,20.521,9.834
C_loretensis,2.5845,0.482,0.7565,162.6555,1.014,0.2825,0.83,106.585,21.497,7.216
C_loretensis,3.265,0.438,0.581,161.341,1.679,0.338,0.792,135.192,27.67,7.422
C_loretensis,3.288,0.318,1.027,145.626,0.946,0.263,0.588,124.791,27.854,7.026
C_loretensis,3.419,0.458,1.172,129.191,N/A,N/A,N/A,147.968,28.799,7.911
C_loretensis,2.898,0.305,0.911,140.733,N/A,N/A,N/A,226.973,26.048,14.129
C_loretensis,2.8,0.184,0.581,115.054,0.511,0.228,0.463,97.336,18.417,7.942
C_loretensis,2.818,0.476,1.079,149.303,1.209,0.299,0.605,N/A,N/A,N/A
C_loretensis,3.562,0.455,1.27,149.968,1.463,0.392,0.73,113.429,21.669,7.346
C_loretensis,3.225,0.407,0.86,141.878,1.079,0.308,0.701,143.384,26.24,8.022
C_loretensis,2.621,0.388,1.066,138.949,1.63,0.474,0.905,119.851,18.624,7.903
C_loretensis,3.17,0.387,0.815,142.529,1.405,0.242,0.832,211.013,25.603,11.918
C_loretensis,N/A,N/A,N/A,N/A,N/A,N/A,N/A,156.721,28.586,7.78
C_loretensis,N/A,N/A,N/A,N/A,N/A,N/A,N/A,177.47,30.598,8.497
C_loretensis,2.9655,0.3705,0.961,155.345,1.438,0.265,0.668,146.048,26.602,7.874
C_loretensis,N/A,N/A,N/A,N/A,N/A,N/A,N/A,141.6795,27.4525,7.9085
,,,,,,,,,,